id,platform,parent_comment,reply,timestamp,language_mix
rd_0001,Reddit,"just a heads up, Behzat Ç characters use a lot of Ankara accent","I lived in Ankara for 2 years. Angarali Turgut en favoriyim sarkici, yani ;-)",1 year ago,Mixed
rd_0002,Reddit,"Arafta episode 98 and sone thoughts on the lead actors🪸🔥💫","Herkese merhaba 🪸🔥✨️😊 I loved episode 98. ❤️🥰It felt too short and made me realise this is how Arafta would have been if they released 1 eposode every day.","5 months ago",Mixed
rd_0003,Reddit,"Herkese merhaba, kolay Türk dizileri izlemek bulmaya çalışıyorum. Benim için çocuk dizileri ya da normal Türk diziler fark etmez. Umarım altyazıyla dizileri bulabileceğim, çünkü Türk sesini duymak ve kelimeler okumak aynı zamanda istiyorum. Sağol!","Behzat Ç Okay I feel like l should elaborate on this choice. Behzat Ç takes place in Ankara where people speak with a different accent (very minor changes) and use different local slangs. Although it differentiates from the classic Turkish accent which is most likely Istanbul accent, it’s still the closest you get to the Turkish spoken daily but us. Nobody in real life really talks like the actors from other shows.","3 years ago",Mixed
rd_0004,Reddit,"I have been having a difficult time finding a Turkish series to get in to. I would like to connect with you and see what you recommend. Teşekkür ederim ☺️!","What sort of genres are you into?","2 years ago",Mixed
rd_0005,Reddit,"What sort of genres are you into?","Merhabalar! I love spooky stuff-I’d love a good crime thriller, horror or fantasy. Teşekkürler!","2 years ago",Mixed
rd_0006,Reddit,"I used to live in turkey for 4.5 years between 2016-2021. I miss it everyday and now I am craving a good Turkish drama or soap opera that has English subtitles and is free to watch, preferably on YouTube. Any recs? tesekkurler ederim ! :)","What everyone is watching over here right now is ""Cranberry Sorbet"" (Kızılcık Şerbeti). It was banned for a bit after its first few episodes which just caused it to become more famous. If you google ""kızılcık şerbeti izle"" you should be able to find it with subtitles fairly easily.","3 years ago",Mixed
rd_0007,Reddit,"I’ve heard lots of things about Diriliş: Ertuğrul. I don’t actually watch it myself, but my mom watches the dubbed version of it in Urdu and she really enjoys it. also generally speaking, i think it’s one of the most famous shows out there in Turkish. I don’t know if I could recommend anything else other than that.","tesekkurler! hehe, my mom watches a lot as well (but most of them are too dramatic imo) and they’re also dubbed to arabic","5 years ago",Mixed
rd_0008,Reddit,"Merhaba! I've started learning Turkish using Duolingo. I've been listening to Turkish music and would now like to watch some Turkish TV shows to get used to the sound of the language. The only problem: The show needs to have English subtitles because otherwise I'm not gonna understand anything :D Does anybody have a suggestion for me? Teşekkürler!","I enjoyed the first season of the Protector/Muhafız I think in Turkish :) Also I used some turkish podcasts through Turkish Tea Time that were helpful for me :)","6 years ago",Mixed
rd_0009,Reddit,"I watch a series called Kızılcık Şerbeti on its own dedicated Youtube-channel. It has real (opposed to computer generated) Turkish subtitles you can choose. It has helped me ENORMOUSLY in my studies!","Thank you teşekkürler","1 year ago",Mixed
rd_0010,Reddit,"Hello all! 👋 My name is Zeynep, I am a Communications student from Turkey. I’m putting together a project focusing on the Turkish series ‘Yargı’ and I’d love to get insights of foreign audiences! I will be hosting 15 minute interviews, in English with fans of the show to dive deeper into the impact, themes, and characters. Would anyone be interested? It’s a great chance to chat about something we’re both passionate about! Let me know if you’re interested, and we can connect. 😊📺","Merhaba, hello and bonjour from Quebec, Kanada 🇨🇦 Zeynep! Bu diziyi henüz izlemedim, ilginç görünüyor 🧐! Looks good, I will give it a try!","3 years ago",Mixed
rd_0011,Reddit,"Avrupa Yakasi for 2000's, Yalan Dünya for 2010's and Jet Sosyete for 2020's. Also you must watch Cem Yilmaz movies. These movies and tv shows will teach turkish memes to you. And also you have to search for which you like to watch, so i recommend comedia category. Have a good time my friend.","tesekkur ederim, I’ll most definitely watch one of them today, have a wonderful time as well friend :D","5 years ago",Mixed
rd_0012,Reddit,"Do you mean esref saati? Tall one has blue eyes, both of them has the same name, tall oone always wears blue shirts, both has sisters thats very close friends bit those two dudes are sort of enemies?","Omg, yes! How did you know? Good job! Thanks so much! Or teshekur? Is that right?","3 years ago",Mixed
yt_0001,YouTube,"What a movie... 👋","I cried & cried & cried 😭😭😭 Çok güzel💙","7 years ago",Mixed
yt_0002,YouTube,"One of the most heartbreaking movies.","A great love deserves a happy ending but this broke my heart into pieces again😭😭💔💔💔 one of the saddest movies i've watched, my heart ached so much, its hard to move on to another movie. 😢 Kudos to the writer,producer,director,main lead ,actors and actresses,staffs and to those who takes part in this movie What a great work u had! Congratulations to all! Çök guzel !👏👏👏","6 years ago",Mixed
yt_0003,YouTube,"Bu gün kendime zulüm etme günü galibaa su ve ateş üzerine bu izlenir mi be. ağlamaktan gözlerim şişti","Same 😂 😢","1 month ago",Mixed
yt_0004,YouTube,"Gözyaşlarım sel 😢 İzlemeyin","Such a heartbreaking love story. Love it!!!","5 years ago",Mixed
yt_0005,YouTube,"Bu dizi günlük olmalı diyenler varmi hafta içi her gün oynasın izleriz dizi çok çok çok güzel saat 1 gibi oynasın yada 2 gibi yayınlayın lütfen biz bu diziyi her gün izlemek isderiz haftada bir gün az beklemekde zor geçmezdi bir hafta hadi bakalım kimler isdiyor bu diziyi her gün izlemek sayımızı görelim","Yes this should be daily so that we can move faster and we will not be waiting for a week for another episode especially when they are still meeting up the plot. Nice story,unique and I have not yet come across this plot in several novel that I have watch.❤❤❤And the protagonist are very beautiful and handsome,a new faces to watch","1 year ago",Mixed
yt_0006,YouTube,"Allah aşkına değiştirin şu Beyzayi diziyi batiracak yetenek sıfır oyunculuk sıfır flash tv performansı 😂😂😂😂😂","He looks exactly old 😅😅😅","2 years ago",Mixed
rd_0013,Reddit,"Behzat Ç","Thank you😊","1 year ago",Mixed
rd_0014,Reddit,"Kanıt. Old but good","Thank you❤️","1 year ago",Mixed
